PO,ITEM,PLT,This Pallet HSU,1,2,3,4,5,6,7,8,9,10,11,12,13,14,15,16,17,18,19,20,21,22,23,24,25,26,27,28,29,30,31,32,33,34,35,36,37,38,39,40,41,42,43,44,45,46,47,48,49,50,51,52,53,54,55,56,57,58,59,60,61,62,63,64,65,66,67,68,69,70,71,72,73,74,75,76,77,78,79,80,81,82,83,84,85,86,87,88,89,90,91,92,93,94,95,96,97,98,99,100,101,102,103,104,105,106,107,108,109,110,111,112,113,114,115,116,117,118,119,120,121,122,123,124,125,126,127,128,129,130,131,132,133,134,135,136,137,138,139,140,141,142,143,144
HT03,843318,EVG000021,144,EVG0000021,EVG0000022,EVG0000023,EVG0000024,EVG0000025,EVG0000026,EVG0000027,EVG0000028,EVG0000029,EVG0000030,EVG0000031,EVG0000032,EVG0000033,EVG0000034,EVG0000035,EVG0000036,EVG0000037,EVG0000038,EVG0000039,EVG0000040,EVG0000041,EVG0000042,EVG0000043,EVG0000044,EVG0000045,EVG0000046,EVG0000047,EVG0000048,EVG0000049,EVG0000050,EVG0000051,EVG0000052,EVG0000053,EVG0000054,EVG0000055,EVG0000056,EVG0000057,EVG0000058,EVG0000059,EVG0000060,EVG0000061,EVG0000062,EVG0000063,EVG0000064,EVG0000065,EVG0000066,EVG0000067,EVG0000068,EVG0000069,EVG0000070,EVG0000071,EVG0000072,EVG0000073,EVG0000074,EVG0000075,EVG0000076,EVG0000077,EVG0000078,EVG0000079,EVG0000080,EVG0000081,EVG0000082,EVG0000083,EVG0000084,EVG0000085,EVG0000086,EVG0000087,EVG0000088,EVG0000089,EVG0000090,EVG0000091,EVG0000092,EVG0000093,EVG0000094,EVG0000095,EVG0000096,EVG0000097,EVG0000098,EVG0000099,EVG0000100,EVG0000101,EVG0000102,EVG0000103,EVG0000104,EVG0000105,EVG0000106,EVG0000107,EVG0000108,EVG0000109,EVG0000110,EVG0000111,EVG0000112,EVG0000113,EVG0000114,EVG0000115,EVG0000116,EVG0000117,EVG0000118,EVG0000119,EVG0000120,EVG0000121,EVG0000122,EVG0000123,EVG0000124,EVG0000125,EVG0000126,EVG0000127,EVG0000128,EVG0000129,EVG0000130,EVG0000131,EVG0000132,EVG0000133,EVG0000134,EVG0000135,EVG0000136,EVG0000137,EVG0000138,EVG0000139,EVG0000140,EVG0000141,EVG0000142,EVG0000143,EVG0000144,EVG0000145,EVG0000146,EVG0000147,EVG0000148,EVG0000149,EVG0000150,EVG0000151,EVG0000152,EVG0000153,EVG0000154,EVG0000155,EVG0000156,EVG0000157,EVG0000158,EVG0000159,EVG0000160,EVG0000161,EVG0000162,EVG0000163,EVG0000164
HT03,843318,EVG000022,144,EVG0000165,EVG0000166,EVG0000167,EVG0000168,EVG0000169,EVG0000170,EVG0000171,EVG0000172,EVG0000173,EVG0000174,EVG0000175,EVG0000176,EVG0000177,EVG0000178,EVG0000179,EVG0000180,EVG0000181,EVG0000182,EVG0000183,EVG0000184,EVG0000185,EVG0000186,EVG0000187,EVG0000188,EVG0000189,EVG0000190,EVG0000191,EVG0000192,EVG0000193,EVG0000194,EVG0000195,EVG0000196,EVG0000197,EVG0000198,EVG0000199,EVG0000200,EVG0000201,EVG0000202,EVG0000203,EVG0000204,EVG0000205,EVG0000206,EVG0000207,EVG0000208,EVG0000209,EVG0000210,EVG0000211,EVG0000212,EVG0000213,EVG0000214,EVG0000215,EVG0000216,EVG0000217,EVG0000218,EVG0000219,EVG0000220,EVG0000221,EVG0000222,EVG0000223,EVG0000224,EVG0000225,EVG0000226,EVG0000227,EVG0000228,EVG0000229,EVG0000230,EVG0000231,EVG0000232,EVG0000233,EVG0000234,EVG0000235,EVG0000236,EVG0000237,EVG0000238,EVG0000239,EVG0000240,EVG0000241,EVG0000242,EVG0000243,EVG0000244,EVG0000245,EVG0000246,EVG0000247,EVG0000248,EVG0000249,EVG0000250,EVG0000251,EVG0000252,EVG0000253,EVG0000254,EVG0000255,EVG0000256,EVG0000257,EVG0000258,EVG0000259,EVG0000260,EVG0000261,EVG0000262,EVG0000263,EVG0000264,EVG0000265,EVG0000266,EVG0000267,EVG0000268,EVG0000269,EVG0000270,EVG0000271,EVG0000272,EVG0000273,EVG0000274,EVG0000275,EVG0000276,EVG0000277,EVG0000278,EVG0000279,EVG0000280,EVG0000281,EVG0000282,EVG0000283,EVG0000284,EVG0000285,EVG0000286,EVG0000287,EVG0000288,EVG0000289,EVG0000290,EVG0000291,EVG0000292,EVG0000293,EVG0000294,EVG0000295,EVG0000296,EVG0000297,EVG0000298,EVG0000299,EVG0000300,EVG0000301,EVG0000302,EVG0000303,EVG0000304,EVG0000305,EVG0000306,EVG0000307,EVG0000308
HT03,843318,EVG000023,144,EVG0000309,EVG0000310,EVG0000311,EVG0000312,EVG0000313,EVG0000314,EVG0000315,EVG0000316,EVG0000317,EVG0000318,EVG0000319,EVG0000320,EVG0000321,EVG0000322,EVG0000323,EVG0000324,EVG0000325,EVG0000326,EVG0000327,EVG0000328,EVG0000329,EVG0000330,EVG0000331,EVG0000332,EVG0000333,EVG0000334,EVG0000335,EVG0000336,EVG0000337,EVG0000338,EVG0000339,EVG0000340,EVG0000341,EVG0000342,EVG0000343,EVG0000344,EVG0000345,EVG0000346,EVG0000347,EVG0000348,EVG0000349,EVG0000350,EVG0000351,EVG0000352,EVG0000353,EVG0000354,EVG0000355,EVG0000356,EVG0000357,EVG0000358,EVG0000359,EVG0000360,EVG0000361,EVG0000362,EVG0000363,EVG0000364,EVG0000365,EVG0000366,EVG0000367,EVG0000368,EVG0000369,EVG0000370,EVG0000371,EVG0000372,EVG0000373,EVG0000374,EVG0000375,EVG0000376,EVG0000377,EVG0000378,EVG0000379,EVG0000380,EVG0000381,EVG0000382,EVG0000383,EVG0000384,EVG0000385,EVG0000386,EVG0000387,EVG0000388,EVG0000389,EVG0000390,EVG0000391,EVG0000392,EVG0000393,EVG0000394,EVG0000395,EVG0000396,EVG0000397,EVG0000398,EVG0000399,EVG0000400,EVG0000401,EVG0000402,EVG0000403,EVG0000404,EVG0000405,EVG0000406,EVG0000407,EVG0000408,EVG0000409,EVG0000410,EVG0000411,EVG0000412,EVG0000413,EVG0000414,EVG0000415,EVG0000416,EVG0000417,EVG0000418,EVG0000419,EVG0000420,EVG0000421,EVG0000422,EVG0000423,EVG0000424,EVG0000425,EVG0000426,EVG0000427,EVG0000428,EVG0000429,EVG0000430,EVG0000431,EVG0000432,EVG0000433,EVG0000434,EVG0000435,EVG0000436,EVG0000437,EVG0000438,EVG0000439,EVG0000440,EVG0000441,EVG0000442,EVG0000443,EVG0000444,EVG0000445,EVG0000446,EVG0000447,EVG0000448,EVG0000449,EVG0000450,EVG0000451,EVG0000452
HT03,843318,EVG000024,144,EVG0000453,EVG0000454,EVG0000455,EVG0000456,EVG0000457,EVG0000458,EVG0000459,EVG0000460,EVG0000461,EVG0000462,EVG0000463,EVG0000464,EVG0000465,EVG0000466,EVG0000467,EVG0000468,EVG0000469,EVG0000470,EVG0000471,EVG0000472,EVG0000473,EVG0000474,EVG0000475,EVG0000476,EVG0000477,EVG0000478,EVG0000479,EVG0000480,EVG0000481,EVG0000482,EVG0000483,EVG0000484,EVG0000485,EVG0000486,EVG0000487,EVG0000488,EVG0000489,EVG0000490,EVG0000491,EVG0000492,EVG0000493,EVG0000494,EVG0000495,EVG0000496,EVG0000497,EVG0000498,EVG0000499,EVG0000500,EVG0000501,EVG0000502,EVG0000503,EVG0000504,EVG0000505,EVG0000506,EVG0000507,EVG0000508,EVG0000509,EVG0000510,EVG0000511,EVG0000512,EVG0000513,EVG0000514,EVG0000515,EVG0000516,EVG0000517,EVG0000518,EVG0000519,EVG0000520,EVG0000521,EVG0000522,EVG0000523,EVG0000524,EVG0000525,EVG0000526,EVG0000527,EVG0000528,EVG0000529,EVG0000530,EVG0000531,EVG0000532,EVG0000533,EVG0000534,EVG0000535,EVG0000536,EVG0000537,EVG0000538,EVG0000539,EVG0000540,EVG0000541,EVG0000542,EVG0000543,EVG0000544,EVG0000545,EVG0000546,EVG0000547,EVG0000548,EVG0000549,EVG0000550,EVG0000551,EVG0000552,EVG0000553,EVG0000554,EVG0000555,EVG0000556,EVG0000557,EVG0000558,EVG0000559,EVG0000560,EVG0000561,EVG0000562,EVG0000563,EVG0000564,EVG0000565,EVG0000566,EVG0000567,EVG0000568,EVG0000569,EVG0000570,EVG0000571,EVG0000572,EVG0000573,EVG0000574,EVG0000575,EVG0000576,EVG0000577,EVG0000578,EVG0000579,EVG0000580,EVG0000581,EVG0000582,EVG0000583,EVG0000584,EVG0000585,EVG0000586,EVG0000587,EVG0000588,EVG0000589,EVG0000590,EVG0000591,EVG0000592,EVG0000593,EVG0000594,EVG0000595,EVG0000596
HT03,843318,EVG000025,144,EVG0000597,EVG0000598,EVG0000599,EVG0000600,EVG0000601,EVG0000602,EVG0000603,EVG0000604,EVG0000605,EVG0000606,EVG0000607,EVG0000608,EVG0000609,EVG0000610,EVG0000611,EVG0000612,EVG0000613,EVG0000614,EVG0000615,EVG0000616,EVG0000617,EVG0000618,EVG0000619,EVG0000620,EVG0000621,EVG0000622,EVG0000623,EVG0000624,EVG0000625,EVG0000626,EVG0000627,EVG0000628,EVG0000629,EVG0000630,EVG0000631,EVG0000632,EVG0000633,EVG0000634,EVG0000635,EVG0000636,EVG0000637,EVG0000638,EVG0000639,EVG0000640,EVG0000641,EVG0000642,EVG0000643,EVG0000644,EVG0000645,EVG0000646,EVG0000647,EVG0000648,EVG0000649,EVG0000650,EVG0000651,EVG0000652,EVG0000653,EVG0000654,EVG0000655,EVG0000656,EVG0000657,EVG0000658,EVG0000659,EVG0000660,EVG0000661,EVG0000662,EVG0000663,EVG0000664,EVG0000665,EVG0000666,EVG0000667,EVG0000668,EVG0000669,EVG0000670,EVG0000671,EVG0000672,EVG0000673,EVG0000674,EVG0000675,EVG0000676,EVG0000677,EVG0000678,EVG0000679,EVG0000680,EVG0000681,EVG0000682,EVG0000683,EVG0000684,EVG0000685,EVG0000686,EVG0000687,EVG0000688,EVG0000689,EVG0000690,EVG0000691,EVG0000692,EVG0000693,EVG0000694,EVG0000695,EVG0000696,EVG0000697,EVG0000698,EVG0000699,EVG0000700,EVG0000701,EVG0000702,EVG0000703,EVG0000704,EVG0000705,EVG0000706,EVG0000707,EVG0000708,EVG0000709,EVG0000710,EVG0000711,EVG0000712,EVG0000713,EVG0000714,EVG0000715,EVG0000716,EVG0000717,EVG0000718,EVG0000719,EVG0000720,EVG0000721,EVG0000722,EVG0000723,EVG0000724,EVG0000725,EVG0000726,EVG0000727,EVG0000728,EVG0000729,EVG0000730,EVG0000731,EVG0000732,EVG0000733,EVG0000734,EVG0000735,EVG0000736,EVG0000737,EVG0000738,EVG0000739,EVG0000740
HT03,843318,EVG000026,144,EVG0000741,EVG0000742,EVG0000743,EVG0000744,EVG0000745,EVG0000746,EVG0000747,EVG0000748,EVG0000749,EVG0000750,EVG0000751,EVG0000752,EVG0000753,EVG0000754,EVG0000755,EVG0000756,EVG0000757,EVG0000758,EVG0000759,EVG0000760,EVG0000761,EVG0000762,EVG0000763,EVG0000764,EVG0000765,EVG0000766,EVG0000767,EVG0000768,EVG0000769,EVG0000770,EVG0000771,EVG0000772,EVG0000773,EVG0000774,EVG0000775,EVG0000776,EVG0000777,EVG0000778,EVG0000779,EVG0000780,EVG0000781,EVG0000782,EVG0000783,EVG0000784,EVG0000785,EVG0000786,EVG0000787,EVG0000788,EVG0000789,EVG0000790,EVG0000791,EVG0000792,EVG0000793,EVG0000794,EVG0000795,EVG0000796,EVG0000797,EVG0000798,EVG0000799,EVG0000800,EVG0000801,EVG0000802,EVG0000803,EVG0000804,EVG0000805,EVG0000806,EVG0000807,EVG0000808,EVG0000809,EVG0000810,EVG0000811,EVG0000812,EVG0000813,EVG0000814,EVG0000815,EVG0000816,EVG0000817,EVG0000818,EVG0000819,EVG0000820,EVG0000821,EVG0000822,EVG0000823,EVG0000824,EVG0000825,EVG0000826,EVG0000827,EVG0000828,EVG0000829,EVG0000830,EVG0000831,EVG0000832,EVG0000833,EVG0000834,EVG0000835,EVG0000836,EVG0000837,EVG0000838,EVG0000839,EVG0000840,EVG0000841,EVG0000842,EVG0000843,EVG0000844,EVG0000845,EVG0000846,EVG0000847,EVG0000848,EVG0000849,EVG0000850,EVG0000851,EVG0000852,EVG0000853,EVG0000854,EVG0000855,EVG0000856,EVG0000857,EVG0000858,EVG0000859,EVG0000860,EVG0000861,EVG0000862,EVG0000863,EVG0000864,EVG0000865,EVG0000866,EVG0000867,EVG0000868,EVG0000869,EVG0000870,EVG0000871,EVG0000872,EVG0000873,EVG0000874,EVG0000875,EVG0000876,EVG0000877,EVG0000878,EVG0000879,EVG0000880,EVG0000881,EVG0000882,EVG0000883,EVG0000884
HT03,843318,EVG000027,144,EVG0000885,EVG0000886,EVG0000887,EVG0000888,EVG0000889,EVG0000890,EVG0000891,EVG0000892,EVG0000893,EVG0000894,EVG0000895,EVG0000896,EVG0000897,EVG0000898,EVG0000899,EVG0000900,EVG0000901,EVG0000902,EVG0000903,EVG0000904,EVG0000905,EVG0000906,EVG0000907,EVG0000908,EVG0000909,EVG0000910,EVG0000911,EVG0000912,EVG0000913,EVG0000914,EVG0000915,EVG0000916,EVG0000917,EVG0000918,EVG0000919,EVG0000920,EVG0000921,EVG0000922,EVG0000923,EVG0000924,EVG0000925,EVG0000926,EVG0000927,EVG0000928,EVG0000929,EVG0000930,EVG0000931,EVG0000932,EVG0000933,EVG0000934,EVG0000935,EVG0000936,EVG0000937,EVG0000938,EVG0000939,EVG0000940,EVG0000941,EVG0000942,EVG0000943,EVG0000944,EVG0000945,EVG0000946,EVG0000947,EVG0000948,EVG0000949,EVG0000950,EVG0000951,EVG0000952,EVG0000953,EVG0000954,EVG0000955,EVG0000956,EVG0000957,EVG0000958,EVG0000959,EVG0000960,EVG0000961,EVG0000962,EVG0000963,EVG0000964,EVG0000965,EVG0000966,EVG0000967,EVG0000968,EVG0000969,EVG0000970,EVG0000971,EVG0000972,EVG0000973,EVG0000974,EVG0000975,EVG0000976,EVG0000977,EVG0000978,EVG0000979,EVG0000980,EVG0000981,EVG0000982,EVG0000983,EVG0000984,EVG0000985,EVG0000986,EVG0000987,EVG0000988,EVG0000989,EVG0000990,EVG0000991,EVG0000992,EVG0000993,EVG0000994,EVG0000995,EVG0000996,EVG0000997,EVG0000998,EVG0000999,EVG0001000,EVG0001001,EVG0001002,EVG0001003,EVG0001004,EVG0001005,EVG0001006,EVG0001007,EVG0001008,EVG0001009,EVG0001010,EVG0001011,EVG0001012,EVG0001013,EVG0001014,EVG0001015,EVG0001016,EVG0001017,EVG0001018,EVG0001019,EVG0001020,EVG0001021,EVG0001022,EVG0001023,EVG0001024,EVG0001025,EVG0001026,EVG0001027,EVG0001028
HT03,843318,EVG000028,144,EVG0001029,EVG0001030,EVG0001031,EVG0001032,EVG0001033,EVG0001034,EVG0001035,EVG0001036,EVG0001037,EVG0001038,EVG0001039,EVG0001040,EVG0001041,EVG0001042,EVG0001043,EVG0001044,EVG0001045,EVG0001046,EVG0001047,EVG0001048,EVG0001049,EVG0001050,EVG0001051,EVG0001052,EVG0001053,EVG0001054,EVG0001055,EVG0001056,EVG0001057,EVG0001058,EVG0001059,EVG0001060,EVG0001061,EVG0001062,EVG0001063,EVG0001064,EVG0001065,EVG0001066,EVG0001067,EVG0001068,EVG0001069,EVG0001070,EVG0001071,EVG0001072,EVG0001073,EVG0001074,EVG0001075,EVG0001076,EVG0001077,EVG0001078,EVG0001079,EVG0001080,EVG0001081,EVG0001082,EVG0001083,EVG0001084,EVG0001085,EVG0001086,EVG0001087,EVG0001088,EVG0001089,EVG0001090,EVG0001091,EVG0001092,EVG0001093,EVG0001094,EVG0001095,EVG0001096,EVG0001097,EVG0001098,EVG0001099,EVG0001100,EVG0001101,EVG0001102,EVG0001103,EVG0001104,EVG0001105,EVG0001106,EVG0001107,EVG0001108,EVG0001109,EVG0001110,EVG0001111,EVG0001112,EVG0001113,EVG0001114,EVG0001115,EVG0001116,EVG0001117,EVG0001118,EVG0001119,EVG0001120,EVG0001121,EVG0001122,EVG0001123,EVG0001124,EVG0001125,EVG0001126,EVG0001127,EVG0001128,EVG0001129,EVG0001130,EVG0001131,EVG0001132,EVG0001133,EVG0001134,EVG0001135,EVG0001136,EVG0001137,EVG0001138,EVG0001139,EVG0001140,EVG0001141,EVG0001142,EVG0001143,EVG0001144,EVG0001145,EVG0001146,EVG0001147,EVG0001148,EVG0001149,EVG0001150,EVG0001151,EVG0001152,EVG0001153,EVG0001154,EVG0001155,EVG0001156,EVG0001157,EVG0001158,EVG0001159,EVG0001160,EVG0001161,EVG0001162,EVG0001163,EVG0001164,EVG0001165,EVG0001166,EVG0001167,EVG0001168,EVG0001169,EVG0001170,EVG0001171,EVG0001172
HT03,843318,EVG000029,144,EVG0001173,EVG0001174,EVG0001175,EVG0001176,EVG0001177,EVG0001178,EVG0001179,EVG0001180,EVG0001181,EVG0001182,EVG0001183,EVG0001184,EVG0001185,EVG0001186,EVG0001187,EVG0001188,EVG0001189,EVG0001190,EVG0001191,EVG0001192,EVG0001193,EVG0001194,EVG0001195,EVG0001196,EVG0001197,EVG0001198,EVG0001199,EVG0001200,EVG0001201,EVG0001202,EVG0001203,EVG0001204,EVG0001205,EVG0001206,EVG0001207,EVG0001208,EVG0001209,EVG0001210,EVG0001211,EVG0001212,EVG0001213,EVG0001214,EVG0001215,EVG0001216,EVG0001217,EVG0001218,EVG0001219,EVG0001220,EVG0001221,EVG0001222,EVG0001223,EVG0001224,EVG0001225,EVG0001226,EVG0001227,EVG0001228,EVG0001229,EVG0001230,EVG0001231,EVG0001232,EVG0001233,EVG0001234,EVG0001235,EVG0001236,EVG0001237,EVG0001238,EVG0001239,EVG0001240,EVG0001241,EVG0001242,EVG0001243,EVG0001244,EVG0001245,EVG0001246,EVG0001247,EVG0001248,EVG0001249,EVG0001250,EVG0001251,EVG0001252,EVG0001253,EVG0001254,EVG0001255,EVG0001256,EVG0001257,EVG0001258,EVG0001259,EVG0001260,EVG0001261,EVG0001262,EVG0001263,EVG0001264,EVG0001265,EVG0001266,EVG0001267,EVG0001268,EVG0001269,EVG0001270,EVG0001271,EVG0001272,EVG0001273,EVG0001274,EVG0001275,EVG0001276,EVG0001277,EVG0001278,EVG0001279,EVG0001280,EVG0001281,EVG0001282,EVG0001283,EVG0001284,EVG0001285,EVG0001286,EVG0001287,EVG0001288,EVG0001289,EVG0001290,EVG0001291,EVG0001292,EVG0001293,EVG0001294,EVG0001295,EVG0001296,EVG0001297,EVG0001298,EVG0001299,EVG0001300,EVG0001301,EVG0001302,EVG0001303,EVG0001304,EVG0001305,EVG0001306,EVG0001307,EVG0001308,EVG0001309,EVG0001310,EVG0001311,EVG0001312,EVG0001313,EVG0001314,EVG0001315,EVG0001316
HT03,843318,EVG000030,144,EVG0001317,EVG0001318,EVG0001319,EVG0001320,EVG0001321,EVG0001322,EVG0001323,EVG0001324,EVG0001325,EVG0001326,EVG0001327,EVG0001328,EVG0001329,EVG0001330,EVG0001331,EVG0001332,EVG0001333,EVG0001334,EVG0001335,EVG0001336,EVG0001337,EVG0001338,EVG0001339,EVG0001340,EVG0001341,EVG0001342,EVG0001343,EVG0001344,EVG0001345,EVG0001346,EVG0001347,EVG0001348,EVG0001349,EVG0001350,EVG0001351,EVG0001352,EVG0001353,EVG0001354,EVG0001355,EVG0001356,EVG0001357,EVG0001358,EVG0001359,EVG0001360,EVG0001361,EVG0001362,EVG0001363,EVG0001364,EVG0001365,EVG0001366,EVG0001367,EVG0001368,EVG0001369,EVG0001370,EVG0001371,EVG0001372,EVG0001373,EVG0001374,EVG0001375,EVG0001376,EVG0001377,EVG0001378,EVG0001379,EVG0001380,EVG0001381,EVG0001382,EVG0001383,EVG0001384,EVG0001385,EVG0001386,EVG0001387,EVG0001388,EVG0001389,EVG0001390,EVG0001391,EVG0001392,EVG0001393,EVG0001394,EVG0001395,EVG0001396,EVG0001397,EVG0001398,EVG0001399,EVG0001400,EVG0001401,EVG0001402,EVG0001403,EVG0001404,EVG0001405,EVG0001406,EVG0001407,EVG0001408,EVG0001409,EVG0001410,EVG0001411,EVG0001412,EVG0001413,EVG0001414,EVG0001415,EVG0001416,EVG0001417,EVG0001418,EVG0001419,EVG0001420,EVG0001421,EVG0001422,EVG0001423,EVG0001424,EVG0001425,EVG0001426,EVG0001427,EVG0001428,EVG0001429,EVG0001430,EVG0001431,EVG0001432,EVG0001433,EVG0001434,EVG0001435,EVG0001436,EVG0001437,EVG0001438,EVG0001439,EVG0001440,EVG0001441,EVG0001442,EVG0001443,EVG0001444,EVG0001445,EVG0001446,EVG0001447,EVG0001448,EVG0001449,EVG0001450,EVG0001451,EVG0001452,EVG0001453,EVG0001454,EVG0001455,EVG0001456,EVG0001457,EVG0001458,EVG0001459,EVG0001460
HT04,848891,EVG000031,216,EVG0001461,EVG0001462,EVG0001463,EVG0001464,EVG0001465,EVG0001466,EVG0001467,EVG0001468,EVG0001469,EVG0001470,EVG0001471,EVG0001472,,,,,,,,,,,,,,,,,,,,,,,,,,,,,,,,,,,,,,,,,,,,,,,,,,,,,,,,,,,,,,,,,,,,,,,,,,,,,,,,,,,,,,,,,,,,,,,,,,,,,,,,,,,,,,,,,,,,,,,,,,,,,,,,,,,,
HT04,848891,EVG000032,216,EVG0001473,EVG0001474,EVG0001475,EVG0001476,EVG0001477,EVG0001478,EVG0001479,EVG0001480,EVG0001481,EVG0001482,EVG0001483,EVG0001484,,,,,,,,,,,,,,,,,,,,,,,,,,,,,,,,,,,,,,,,,,,,,,,,,,,,,,,,,,,,,,,,,,,,,,,,,,,,,,,,,,,,,,,,,,,,,,,,,,,,,,,,,,,,,,,,,,,,,,,,,,,,,,,,,,,,
HT04,848891,EVG000033,216,EVG0001485,EVG0001486,EVG0001487,EVG0001488,EVG0001489,EVG0001490,EVG0001491,EVG0001492,EVG0001493,EVG0001494,EVG0001495,EVG0001496,,,,,,,,,,,,,,,,,,,,,,,,,,,,,,,,,,,,,,,,,,,,,,,,,,,,,,,,,,,,,,,,,,,,,,,,,,,,,,,,,,,,,,,,,,,,,,,,,,,,,,,,,,,,,,,,,,,,,,,,,,,,,,,,,,,,
HT04,848891,EVG000034,216,EVG0001497,EVG0001498,EVG0001499,EVG0001500,EVG0001501,EVG0001502,EVG0001503,EVG0001504,EVG0001505,EVG0001506,EVG0001507,EVG0001508,,,,,,,,,,,,,,,,,,,,,,,,,,,,,,,,,,,,,,,,,,,,,,,,,,,,,,,,,,,,,,,,,,,,,,,,,,,,,,,,,,,,,,,,,,,,,,,,,,,,,,,,,,,,,,,,,,,,,,,,,,,,,,,,,,,,
HT04,842575,EVG000035,1200,EVG0001509,EVG0001510,EVG0001511,EVG0001512,EVG0001513,EVG0001514,EVG0001515,EVG0001516,EVG0001517,EVG0001518,EVG0001519,EVG0001520,EVG0001521,EVG0001522,EVG0001523,EVG0001524,EVG0001525,EVG0001526,EVG0001527,EVG0001528,EVG0001529,EVG0001530,EVG0001531,EVG0001532,EVG0001533,EVG0001534,EVG0001535,EVG0001536,EVG0001537,EVG0001538,EVG0001539,EVG0001540,EVG0001541,EVG0001542,EVG0001543,EVG0001544,EVG0001545,EVG0001546,EVG0001547,EVG0001548,,,,,,,,,,,,,,,,,,,,,,,,,,,,,,,,,,,,,,,,,,,,,,,,,,,,,,,,,,,,,,,,,,,,,,,,,,,,,,,,,,,,,,,,,,,,,,,,,,,,,,,,
HT04,842575,EVG000036,1200,EVG0001549,EVG0001550,EVG0001551,EVG0001552,EVG0001553,EVG0001554,EVG0001555,EVG0001556,EVG0001557,EVG0001558,EVG0001559,EVG0001560,EVG0001561,EVG0001562,EVG0001563,EVG0001564,EVG0001565,EVG0001566,EVG0001567,EVG0001568,EVG0001569,EVG0001570,EVG0001571,EVG0001572,EVG0001573,EVG0001574,EVG0001575,EVG0001576,EVG0001577,EVG0001578,EVG0001579,EVG0001580,EVG0001581,EVG0001582,EVG0001583,EVG0001584,EVG0001585,EVG0001586,EVG0001587,EVG0001588,,,,,,,,,,,,,,,,,,,,,,,,,,,,,,,,,,,,,,,,,,,,,,,,,,,,,,,,,,,,,,,,,,,,,,,,,,,,,,,,,,,,,,,,,,,,,,,,,,,,,,,,
HT05,848891,EVG000037,216,EVG0001589,EVG0001590,EVG0001591,EVG0001592,EVG0001593,EVG0001594,EVG0001595,EVG0001596,EVG0001597,EVG0001598,EVG0001599,EVG0001600,,,,,,,,,,,,,,,,,,,,,,,,,,,,,,,,,,,,,,,,,,,,,,,,,,,,,,,,,,,,,,,,,,,,,,,,,,,,,,,,,,,,,,,,,,,,,,,,,,,,,,,,,,,,,,,,,,,,,,,,,,,,,,,,,,,,
HT05,848891,EVG000038,216,EVG0001601,EVG0001602,EVG0001603,EVG0001604,EVG0001605,EVG0001606,EVG0001607,EVG0001608,EVG0001609,EVG0001610,EVG0001611,EVG0001612,,,,,,,,,,,,,,,,,,,,,,,,,,,,,,,,,,,,,,,,,,,,,,,,,,,,,,,,,,,,,,,,,,,,,,,,,,,,,,,,,,,,,,,,,,,,,,,,,,,,,,,,,,,,,,,,,,,,,,,,,,,,,,,,,,,,
HT05,848891,EVG000039,216,EVG0001613,EVG0001614,EVG0001615,EVG0001616,EVG0001617,EVG0001618,EVG0001619,EVG0001620,EVG0001621,EVG0001622,EVG0001623,EVG0001624,,,,,,,,,,,,,,,,,,,,,,,,,,,,,,,,,,,,,,,,,,,,,,,,,,,,,,,,,,,,,,,,,,,,,,,,,,,,,,,,,,,,,,,,,,,,,,,,,,,,,,,,,,,,,,,,,,,,,,,,,,,,,,,,,,,,
HT05,848891,EVG000040,216,EVG0001625,EVG0001626,EVG0001627,EVG0001628,EVG0001629,EVG0001630,EVG0001631,EVG0001632,EVG0001633,EVG0001634,EVG0001635,EVG0001636,,,,,,,,,,,,,,,,,,,,,,,,,,,,,,,,,,,,,,,,,,,,,,,,,,,,,,,,,,,,,,,,,,,,,,,,,,,,,,,,,,,,,,,,,,,,,,,,,,,,,,,,,,,,,,,,,,,,,,,,,,,,,,,,,,,,
HT05,848891,EVG000041,216,EVG0001637,EVG0001638,EVG0001639,EVG0001640,EVG0001641,EVG0001642,EVG0001643,EVG0001644,EVG0001645,EVG0001646,EVG0001647,EVG0001648,,,,,,,,,,,,,,,,,,,,,,,,,,,,,,,,,,,,,,,,,,,,,,,,,,,,,,,,,,,,,,,,,,,,,,,,,,,,,,,,,,,,,,,,,,,,,,,,,,,,,,,,,,,,,,,,,,,,,,,,,,,,,,,,,,,,
HT05,848891,EVG000042,216,EVG0001649,EVG0001650,EVG0001651,EVG0001652,EVG0001653,EVG0001654,EVG0001655,EVG0001656,EVG0001657,EVG0001658,EVG0001659,EVG0001660,,,,,,,,,,,,,,,,,,,,,,,,,,,,,,,,,,,,,,,,,,,,,,,,,,,,,,,,,,,,,,,,,,,,,,,,,,,,,,,,,,,,,,,,,,,,,,,,,,,,,,,,,,,,,,,,,,,,,,,,,,,,,,,,,,,,
HT05,848891,EVG000043,216,EVG0001661,EVG0001662,EVG0001663,EVG0001664,EVG0001665,EVG0001666,EVG0001667,EVG0001668,EVG0001669,EVG0001670,EVG0001671,EVG0001672,,,,,,,,,,,,,,,,,,,,,,,,,,,,,,,,,,,,,,,,,,,,,,,,,,,,,,,,,,,,,,,,,,,,,,,,,,,,,,,,,,,,,,,,,,,,,,,,,,,,,,,,,,,,,,,,,,,,,,,,,,,,,,,,,,,,
HT05,843307,EVG000044,144,EVG0001673,EVG0001674,EVG0001675,EVG0001676,EVG0001677,EVG0001678,EVG0001679,EVG0001680,EVG0001681,EVG0001682,EVG0001683,EVG0001684,,,,,,,,,,,,,,,,,,,,,,,,,,,,,,,,,,,,,,,,,,,,,,,,,,,,,,,,,,,,,,,,,,,,,,,,,,,,,,,,,,,,,,,,,,,,,,,,,,,,,,,,,,,,,,,,,,,,,,,,,,,,,,,,,,,,
HT05,839932,EVG000045,3375,EVG0001685,EVG0001686,EVG0001687,EVG0001688,EVG0001689,EVG0001690,EVG0001691,EVG0001692,EVG0001693,EVG0001694,EVG0001695,EVG0001696,EVG0001697,EVG0001698,EVG0001699,EVG0001700,EVG0001701,EVG0001702,EVG0001703,EVG0001704,EVG0001705,EVG0001706,EVG0001707,EVG0001708,EVG0001709,EVG0001710,EVG0001711,EVG0001712,EVG0001713,EVG0001714,EVG0001715,EVG0001716,EVG0001717,EVG0001718,EVG0001719,EVG0001720,EVG0001721,EVG0001722,EVG0001723,EVG0001724,EVG0001725,EVG0001726,EVG0001727,EVG0001728,EVG0001729,,,,,,,,,,,,,,,,,,,,,,,,,,,,,,,,,,,,,,,,,,,,,,,,,,,,,,,,,,,,,,,,,,,,,,,,,,,,,,,,,,,,,,,,,,,,,,,,,,,
HT05,839932,EVG000046,3375,EVG0001730,EVG0001731,EVG0001732,EVG0001733,EVG0001734,EVG0001735,EVG0001736,EVG0001737,EVG0001738,EVG0001739,EVG0001740,EVG0001741,EVG0001742,EVG0001743,EVG0001744,EVG0001745,EVG0001746,EVG0001747,EVG0001748,EVG0001749,EVG0001750,EVG0001751,EVG0001752,EVG0001753,EVG0001754,EVG0001755,EVG0001756,EVG0001757,EVG0001758,EVG0001759,EVG0001760,EVG0001761,EVG0001762,EVG0001763,EVG0001764,EVG0001765,EVG0001766,EVG0001767,EVG0001768,EVG0001769,EVG0001770,EVG0001771,EVG0001772,EVG0001773,EVG0001774,,,,,,,,,,,,,,,,,,,,,,,,,,,,,,,,,,,,,,,,,,,,,,,,,,,,,,,,,,,,,,,,,,,,,,,,,,,,,,,,,,,,,,,,,,,,,,,,,,,
HT05,843441,EVG000047,480,EVG0001775,EVG0001776,EVG0001777,EVG0001778,EVG0001779,EVG0001780,EVG0001781,EVG0001782,EVG0001783,EVG0001784,EVG0001785,EVG0001786,EVG0001787,EVG0001788,EVG0001789,EVG0001790,EVG0001791,EVG0001792,EVG0001793,EVG0001794,EVG0001795,EVG0001796,EVG0001797,EVG0001798,,,,,,,,,,,,,,,,,,,,,,,,,,,,,,,,,,,,,,,,,,,,,,,,,,,,,,,,,,,,,,,,,,,,,,,,,,,,,,,,,,,,,,,,,,,,,,,,,,,,,,,,,,,,,,,,,,,,,,,,
HT05,843441,EVG000048,480,EVG0001799,EVG0001800,EVG0001801,EVG0001802,EVG0001803,EVG0001804,EVG0001805,EVG0001806,EVG0001807,EVG0001808,EVG0001809,EVG0001810,EVG0001811,EVG0001812,EVG0001813,EVG0001814,EVG0001815,EVG0001816,EVG0001817,EVG0001818,EVG0001819,EVG0001820,EVG0001821,EVG0001822,,,,,,,,,,,,,,,,,,,,,,,,,,,,,,,,,,,,,,,,,,,,,,,,,,,,,,,,,,,,,,,,,,,,,,,,,,,,,,,,,,,,,,,,,,,,,,,,,,,,,,,,,,,,,,,,,,,,,,,,
HT05,839946,Incomplete Pallet839946,3000,EVG0001823,EVG0001824,EVG0001825,EVG0001826,EVG0001827,EVG0001828,EVG0001829,EVG0001830,EVG0001831,EVG0001832,EVG0001833,EVG0001834,EVG0001835,EVG0001836,EVG0001837,EVG0001838,EVG0001839,EVG0001840,EVG0001841,EVG0001842,EVG0001843,EVG0001844,EVG0001845,EVG0001846,EVG0001847,EVG0001848,EVG0001849,EVG0001850,EVG0001851,EVG0001852,EVG0001853,EVG0001854,EVG0001855,EVG0001856,EVG0001857,EVG0001858,EVG0001859,EVG0001860,EVG0001861,EVG0001862,,,,,,,,,,,,,,,,,,,,,,,,,,,,,,,,,,,,,,,,,,,,,,,,,,,,,,,,,,,,,,,,,,,,,,,,,,,,,,,,,,,,,,,,,,,,,,,,,,,,,,,,
HT05,843441,Incomplete Pallet843441,160,EVG0001863,EVG0001864,EVG0001865,EVG0001866,EVG0001867,EVG0001868,EVG0001869,EVG0001870,,,,,,,,,,,,,,,,,,,,,,,,,,,,,,,,,,,,,,,,,,,,,,,,,,,,,,,,,,,,,,,,,,,,,,,,,,,,,,,,,,,,,,,,,,,,,,,,,,,,,,,,,,,,,,,,,,,,,,,,,,,,,,,,,,,,,,,,
